序号,新闻标题,创造时间,发布时间,数据来源
1,男子拉家当从广西走3000里回四川:离家30年父母已去世,2021-11-28 17:53:11,2021-11-28 18:43:21,红星新闻
2,5旬男子知道女儿幼时被好友性侵 怒砸好友手反被刑拘,2021-11-28 16:15:47,2021-11-28 18:40:35,中国新闻周刊
3,王珂：百亿富豪成“软饭男”，让老婆养了12年，现今怎样？,2021-11-28 18:39:58,2021-11-28 18:40:03,叶公子
4,64岁大爷相亲：“不知道你能满足我不？”大妈：“一边凉快去！”,2021-11-28 18:35:40,2021-11-28 18:35:40,你说我听着
5,刘涛卧室照片曝光，桌上饮料瓶引起热议，优雅形象备受质疑,2021-11-28 18:32:28,2021-11-28 18:32:28,八卦详闻
6,30万预备役士兵接到征召令 5000辆库存战车全部启封：豁上了,2021-11-28 10:07:27,2021-11-28 18:30:41,聚峰军评
7,台湾已满足不了大陆？澳防长曝北京下一步棋，称不会采取绥靖政策,2021-11-28 18:28:20,2021-11-28 18:28:20,吴非
8,GIF-又是张本天杰！防守撞飞赵睿 后者摔向广告牌,2021-11-28 18:29:32,2021-11-28 18:26:14,网易体育
9,“黑天鹅”事件爆发，国际油价暴跌11%，中国油价有望下调,2021-11-28 18:22:11,2021-11-28 18:22:13,铁血观世界
10,有多少过期肉，被你买回家了？,2021-11-28 18:11:32,2021-11-28 18:11:32,新周刊
11,GIF-郭艾伦低级失误…自己都笑了 杜锋不满冲他发火,2021-11-28 18:09:46,2021-11-28 18:09:46,网易体育
12,越狱犯朱贤健逃亡41天落网:因偷麻花等食物被村民发现,2021-11-28 17:39:15,2021-11-28 18:07:13,红星新闻
13,民调：美最受欢迎州长排名出炉 共和党州长几乎包揽前十,2021-11-28 18:07:12,2021-11-28 18:07:13,喵走喵看
14,两顶王冠，三个国家，15套着装，一篇看完西班牙王后忙而美的11月,2021-11-28 18:04:54,2021-11-28 18:04:54,开心的国宝
15,jk长袜美少女,2021-11-28 17:47:42,2021-11-28 17:47:42,明星88卦
16,好看的臀形要翘还要两侧饱满，弹力带臀中肌训练，让臀形饱满圆润,2021-11-28 15:01:29,2021-11-28 15:01:34,十月知行
17,唐斯：没见过谁一场罚21个 但恩比德按照他的打法做到了,2021-11-28 15:00:15,2021-11-28 15:00:15,直播吧
18,吉林脱逃犯被抓:藏身40公里外湖边看鱼房 腿部疑中枪,2021-11-28 14:54:40,2021-11-28 14:54:40,上游新闻
19,"""澳门小赌王""洗米华被捕:从穷小子逆袭 出事早有征兆",2021-11-28 14:53:04,2021-11-28 14:53:04,新民周刊
20,陕西大叔在家里卖“绝迹”小吃，全国独一份，不用出门，也不愁卖,2021-11-28 14:35:13,2021-11-28 14:35:13,每日好滋味分享
21,11岁男孩起诉铁路方:身高超1.5米被要求购买成人票,2021-11-27 21:54:19,2021-11-28 14:33:21,澎湃新闻
22,世乒赛11月29日完整赛程，国乒球员冲击决赛，混双冠军将会产生,2021-11-28 14:26:14,2021-11-28 14:26:16,老乐说球
23,痛哭校长被曝曾私签20年送餐合同 还答应违约赔3倍,2021-11-28 08:55:42,2021-11-28 14:25:35,毒哥的毒鸡汤
24,因多国颁布入境禁令 旅客滞留南非机场,2021-11-28 14:17:14,2021-11-28 14:17:13,环球网资讯
25,江西三地任免一批领导干部 ,2021-11-28 20:48:11,2021-11-28 14:12:45,江西政读
26,张文宏谈新冠变异毒株：目前对中国不会产生大的影响,2021-11-28 12:34:29,2021-11-28 14:07:52,新京报
27,美议员刚窜访 立陶宛等三国议员共10人今早到台湾,2021-11-28 13:59:33,2021-11-28 14:01:37,环球时报评论
28,广东的攻防节奏+辽宁的人员配置！杜锋逼出最强中国男篮？,2021-11-28 13:55:48,2021-11-28 13:55:53,绯雨儿
29,你见过最淡定的被出轨的女人是怎样的？,2021-11-28 13:54:56,2021-11-28 13:54:58,为你守心门
30,恩比德轰42+14+3仍无缘今日最佳！对不起！你碰到暴走的MVP了,2021-11-28 13:50:17,2021-11-28 13:50:17,篮坛粉碎机
31,5旬男子知道女儿幼时被好友性侵 怒砸好友手反被刑拘,2021-11-28 16:15:47,2021-11-28 18:40:35,中国新闻周刊
32,杭州女士被16元困住的40分钟：去商场买笔突然只能付现金，借钱借到第23人，终于……,2021-11-28 18:33:14,2021-11-28 18:33:14,钱江晚报
33,新一届湖南省委常委班子亮相,2021-11-28 18:29:34,2021-11-28 18:29:34,湖南日报
34,新西兰女议员自曝凌晨2点骑车去医院分娩，外媒：她不止一次这样,2021-11-28 18:22:29,2021-11-28 18:22:29,环球网资讯
35,章子怡首次带女儿滑雪，5岁醒醒轻松站立，母女在雪地合影超拉风,2021-11-28 18:21:43,2021-11-28 18:21:43,TF娱乐
36,预警发出！寒潮将袭南方局部，大范围降温开始！分析：广东等除外,2021-11-28 18:21:17,2021-11-28 18:21:19,中国气象爱好者
37,又一新型变异病毒出现，或从艾滋病人体内突变而来，中国发现5例,2021-11-28 18:12:10,2021-11-28 18:12:12,铁血观世界
38,法国足球主编帕斯卡・费雷：当我打电话告诉莫德里奇他获得了金球奖时，他哭得像个孩子,2021-11-28 18:09:48,2021-11-28 18:09:48,足坛老司机
39,越狱犯朱贤健逃亡41天落网:因偷麻花等食物被村民发现,2021-11-28 17:39:15,2021-11-28 18:07:13,红星新闻
40,擅长荒野求生的 “贝爷、德爷”，如果进入云南哀牢山，能出来吗,2021-11-28 18:07:01,2021-11-28 18:07:01,蒙太奇印像
41,俄罗斯绘画：优美的人体与风景,2021-11-28 18:06:29,2021-11-28 18:06:28,书画艺术收藏
42,百亿身家、各色情妇成浮云 洗米华背后更多猛料被扒 ,2021-11-28 17:36:00,2021-11-28 17:36:02,张老师说事
43,巴萨1.45亿欧打水漂!登贝莱拒绝续约 明夏自由转会,2021-11-28 17:35:40,2021-11-28 17:35:40,网易体育
44,既已控制了老挝的党政大权，越南为何不将其吞并呢？原因很简单,2021-11-28 17:09:00,2021-11-28 17:09:00,国际视角资讯
45,中国人在非洲真实状况曝光：1分都攒不下 最怕一件事,2021-11-28 00:47:28,2021-11-28 17:07:10,真实人物采访
46,网曝虎年央视春晚总导演已确定 柳岩或跨界客串主持人,2021-11-28 19:11:11,2021-11-28 19:26:58,羊城派
47,田静泪洒直播间遭嘲讽，遇到懂得共情的人才是今生的幸福,2021-11-28 19:04:59,2021-11-28 19:05:02,沐雪心语
48,6分钟狂砍10分！张镇麟发威成奇兵 日本恶汉又伤人 王骁辉被提起,2021-11-28 19:01:36,2021-11-28 19:01:37,猛料CBA
49,埃弗拉宣！？红魔名宿埃弗拉：恭喜梅西再次赢得金球奖,2021-11-28 18:55:21,2021-11-28 18:55:22,直播吧
50,男子拉家当从广西走3000里回四川:离家30年父母已去世,2021-11-28 17:53:11,2021-11-28 18:43:21,红星新闻
51,5旬男子知道女儿幼时被好友性侵 怒砸好友手反被刑拘,2021-11-28 16:15:47,2021-11-28 18:40:35,中国新闻周刊
52,刘涛卧室照片曝光，桌上饮料瓶引起热议，优雅形象备受质疑,2021-11-28 18:32:28,2021-11-28 18:32:28,八卦详闻
53,越狱犯朱贤健逃亡41天落网:因偷麻花等食物被村民发现,2021-11-28 17:39:15,2021-11-28 18:07:13,红星新闻
54,两顶王冠，三个国家，15套着装，一篇看完西班牙王后忙而美的11月,2021-11-28 18:04:54,2021-11-28 18:04:54,开心的国宝
55,我市明日将迎来降水、降温天气,2021-11-28 17:43:03,2021-11-28 17:43:03,网信保定
56,百亿身家、各色情妇成浮云 洗米华背后更多猛料被扒 ,2021-11-28 17:36:00,2021-11-28 17:36:02,张老师说事
57,屋里开了暖气，猫就变成了一条...,2021-11-28 17:31:55,2021-11-28 17:31:58,梨涡酒
58,1.5亿泡出来的优雅，新晋神颜二代美到我想哭！,2021-11-28 17:29:39,2021-11-28 17:29:53,梨涡酒
59,德国特工潜入苏联内部，苏军一直都未曾抓到，直到发现一枚订书针,2021-11-28 17:09:38,2021-11-28 17:09:38,资讯沸点
60,谁在围剿拼多多？,2021-11-28 17:08:20,2021-11-28 17:08:20,钛媒体APP
61,河南省委书记赴京 连说三个恳请,2021-11-28 21:16:09,2021-11-28 21:42:04,上观新闻
62,"世乒赛上被喊""黄香蕉""梁靖翻盘晋级 球迷起立尖叫",2021-11-28 21:32:34,2021-11-28 21:32:34,观察者网
63,玉苏甫江 ・麦麦提异地交流2年后回乡任职 新职务明确,2021-11-28 20:35:41,2021-11-28 21:18:49,政知新媒体
64,政法系统高规格活动 国安女干警出镜,2021-11-28 20:36:54,2021-11-28 21:18:37,政知新媒体
65,吴蔚:指点波罗的海3国操弄台湾议题 美国有2个目的,2021-11-28 19:08:46,2021-11-28 21:00:21,直新闻
66,70后张迎春刷新纪录 成为全国最年轻女性省委常委 ,2021-11-28 20:14:12,2021-11-28 20:46:29,政知圈
67,斛珠夫人：缇兰异能初醒，比召风师和炼金师都要强，帝旭捡到宝了,2021-11-28 20:37:38,2021-11-28 20:37:38,文化课代表
68,"为何弃用""周琦？杜锋：脚踝还肿 代表教练组感谢他",2021-11-28 21:31:51,2021-11-28 20:36:51,网易体育
69,"媒体炒作""乌干达为中国融资牺牲核心资产"" 中使馆回应",2021-11-28 20:27:11,2021-11-28 20:27:11,中国驻乌干达大使馆
70,"河南官员:""痛哭校长""确与前一家送餐公司签了20年合同",2021-11-28 19:29:23,2021-11-28 19:57:45,红星新闻
71,"男子在医院跪地当81岁父亲""人肉板凳"":照顾父亲应该的",2021-11-28 18:17:03,2021-11-28 19:55:52,极目新闻
72,儿子被执行死刑遗书遭曝光 父亲读后彻底崩溃,2021-11-27 18:03:30,2021-11-28 19:43:28,奇闻趣事一箩筐
73,106-73！中国男篮造惨案，赵睿27+5率队双杀日本，张本天杰又伤人,2021-11-28 19:36:03,2021-11-28 19:36:05,环太平洋老正太
74,队友给力周琦稳坐板凳 化身啦啦队长+场外指导,2021-11-28 19:35:35,2021-11-28 19:35:35,网易体育
75,武德充沛！海军22艘056全部转隶海警部队，中国周边想“挑事儿”的要当心了！,2021-11-28 19:27:02,2021-11-28 19:27:02,军武速递
76,郑州一社区全面禁止养狗：不把狗送走会有人上门处理,2021-11-27 20:03:01,2021-11-28 07:29:16,极目新闻
77,"美国休斯敦世乒赛上 有人对中国运动员大喊""黄香蕉""",2021-11-28 00:48:43,2021-11-28 07:13:58,环球时报评论
78,只要家里不太穷，父母就别在这3方面省钱，会拉低娃的格局和眼界,2021-11-28 06:45:33,2021-11-28 06:45:33,商业观察佳
79,黑五卖的最火爆的商品，销售额创纪录,2021-11-28 05:32:21,2021-11-28 05:32:21,华人生活网
80,4-0到5-0！巴黎踢疯了，11年吊打鱼腩，梅西冲第5球，CCTV5+直播,2021-11-28 04:45:33,2021-11-28 04:45:34,如风侃球
81,老祖宗忠告：上坟带三种人，子孙后代财运旺，分别是哪三种人？,2021-11-28 04:43:12,2021-11-28 04:43:12,民俗观察研究
82,紫禁城地下宝藏：总价值可以买到整个欧洲，看完得180年,2021-11-28 02:54:53,2021-11-28 02:54:53,菩提无树
83,二战中的她们一天要“服务”60个日军，为省时间日寇竟然这样做,2021-11-27 15:16:57,2021-11-28 02:40:02,吉米的手工
84,她被封杀了，一点也不值得同情！,2021-11-28 02:28:05,2021-11-28 02:28:17,梨涡酒
85,德国已关闭了20座核电站？开始用煤炭发电，为什不用核电了？,2021-11-28 02:26:02,2021-11-28 02:26:05,渔人阿肯
86,保利尼奥新合同曝光，收入不及恒大时期零头，队里有多位中超熟人,2021-11-28 02:22:02,2021-11-28 02:22:06,绿茵舞着
87,陈独秀：犯法的是老子，不是老子的性欲,2021-11-28 02:10:28,2021-11-28 02:10:28,景来律师
88,央视警醒！88位失德艺人曝光，郭志坚明示触碰红线将彻底凉凉！,2021-11-28 01:55:08,2021-11-28 01:55:10,情事
89,台湾艺人千百惠高调炫耀身份证，20年前就已持有，曾被曝知三当三,2021-11-28 01:25:25,2021-11-28 01:25:30,裕丰娱间说
90,小米汽车正式落户亦庄 目标年产30万辆,2021-11-28 00:52:10,2021-11-28 00:52:10,爱卡汽车
91,小米汽车正式落户亦庄 目标年产30万辆,2021-11-28 00:52:10,2021-11-28 00:52:10,爱卡汽车
92,清朝1820年，是不是中国最完美的疆域形态？,2021-11-28 00:50:00,2021-11-28 00:50:00,米君观察局
93,变异病毒猛攻欧洲防线：英德沦陷 捷克比利时败退 荷兰大溃退,2021-11-28 00:17:28,2021-11-28 00:17:32,全球吃瓜局
94,许家印受邀天安门城楼观礼！农村穷小子成中国首富，捐款136亿,2021-11-27 14:23:21,2021-11-28 00:10:08,路易斯写日记
95,今晚无需熬夜！CCTV5连播两场，巴黎与AC米兰出战，武磊有望首发,2021-11-27 19:58:09,2021-11-28 00:05:07,中超替补席
96,化痰特效方，再也不怕痰多了,2021-11-28 00:04:41,2021-11-28 00:04:41,非著名老中医
97,我在生个儿子怎么样？伊能静婆婆：你肚子被切了两刀，怎么能生？,2021-11-27 12:08:41,2021-11-28 00:00:21,花儿红音悦
98,米歇尔：亲爱的，我一年能赚5亿美金，养你没问题，嫁给我吧。,2021-11-27 14:46:01,2021-11-28 00:00:13,阳光情感剧
99,外交降级第4天，“中国完全统一”在立陶宛刷屏，美欧彻底拦不住,2021-11-27 23:38:25,2021-11-27 23:38:26,前沿时刻
100,新变异毒株或引发更大传播风险 钟南山发声,2021-11-27 19:20:24,2021-11-27 23:01:47,上观新闻
101,儿子为霸占5套拆迁房打伤8旬母亲 父亲:我全捐给政府,2021-11-27 22:38:31,2021-11-27 22:53:21,米粥的阅读时光
102,好消息：传说的飞行器被证实，是我国的腾云工程，8月已试飞,2021-11-27 22:53:16,2021-11-27 22:53:16,机械公民
103,学生餐后集体呕吐 官方:住院学生被诊断为胃炎和肺炎,2021-11-27 22:45:34,2021-11-27 22:45:34,中国新闻网
104,被爆料2月后特朗普突然发声:我从未考虑过与中国开战,2021-11-27 20:50:50,2021-11-27 22:40:02,环球时报评论
105,乒坛第一美女进世乒赛八强，谁说她只是花瓶？她的技术日渐成熟？,2021-11-27 22:26:15,2021-11-27 22:26:21,篮郭先生
106,本土确诊5例！济宁市疾控紧急发布！这些地方全面管控！,2021-11-28 11:55:40,2021-11-28 11:55:40,济宁生活网
107,男子杀自家3人用母亲手表当嫖资:没想杀妹妹但她总哭,2021-11-28 10:22:27,2021-11-28 11:47:24,长安剑
108,身家9000亿，闷声发财超百年，他们是全球最神秘家族,2021-11-28 11:35:49,2021-11-28 11:35:53,华商韬略
109,肝脏不好，不能吃红薯？提醒：养肝护肝，3种食物要远离,2021-11-28 02:24:25,2021-11-28 11:28:39,资讯看板
110,懒散的美国大兵算啥？当年纳粹德国也曾想不通：这些货能打胜仗？结果在比利时，他们打了一仗,2021-11-28 11:18:25,2021-11-28 11:18:25,旅游资讯新鲜速递
111,美国报告明确警告:大陆已具备封锁与攻击台湾军事实力,2021-11-28 11:01:48,2021-11-28 11:13:21,环球时报军事
112,《梦想改造家》节目组一雪前耻？新设计师简直天秀！！,2021-11-28 11:12:58,2021-11-28 11:12:58,设计癖
113,"70后女科长落马被查 曾坐窗口向老板""主动出击""",2021-11-28 09:04:36,2021-11-28 11:09:37,中央纪委国家监委网站
114,中国留学生发现：西方高校学历，不香了,2021-11-28 11:06:06,2021-11-28 11:06:06,环球时报评论
115,还记得在澳门输光家产的明星？何鸿鏊退VIP卡一生包吃喝玩，他现状如何,2021-11-28 11:05:59,2021-11-28 11:05:59,小天使饲养员
116,某想舆论大战风向变了，胡锡进和白岩松翻车？司马南没有坐以待毙,2021-11-28 11:02:26,2021-11-28 11:02:30,爱爆笑赵大叔
117,伊藤美诚女单出局，日媒高调回应：希望于张本智和带来金牌！,2021-11-28 11:00:22,2021-11-28 11:00:22,体坛大聪明
118,他有私生女，人人皆知,2021-11-28 08:55:08,2021-11-28 10:58:09,资讯看板
119,18岁非洲姑娘嫁河南40岁光棍 吃婆婆做的排骨胖30斤,2021-11-26 18:39:14,2021-11-28 10:51:10,文史旺旺旺
120,三条消息 台海冲突风险加剧 英媒说出大实话 中俄印发表联合公报,2021-11-28 10:34:26,2021-11-28 10:34:27,张殿成
121,必须严惩！世乒赛观众连续两日侮辱梁靖，刘国梁这次不能放过他,2021-11-28 16:21:05,2021-11-28 16:21:10,凌晨4点洛杉矶
122,截至11月28日16时内蒙古自治区新冠肺炎疫情最新情况,2021-11-28 16:32:05,2021-11-28 16:15:29,内蒙古自治区卫生健康委员会
123,从《中国好声音》走出来的单依纯，并没有听取李健的话回学校深造,2021-11-28 16:15:08,2021-11-28 16:15:08,综艺大咖秀
124,内蒙古满洲里新增新冠肺炎确诊病例17例  ,2021-11-28 18:05:57,2021-11-28 16:14:19,央视新闻客户端
125,给脸不要脸？谢尔曼访华还想越级见中方领导人，我外交部直接拒绝,2021-11-28 16:10:13,2021-11-28 16:10:16,only百合心之语
126,坦克500被曝转让订单 长城官方出手！黄牛惨了,2021-11-28 16:06:45,2021-11-28 16:06:45,爱车者联盟
127,生活不顺，看看利文斯顿！一个从未停止奔跑的逐梦人,2021-11-28 16:06:15,2021-11-28 16:06:15,篮色心情
128,拟新增义乌服务区！总投资约325亿！,2021-11-28 16:03:00,2021-11-28 16:03:00,冰点大咖
129,浙江：回家着急车没停好，被人在轮胎下放钉子，车主：可以通知我,2021-11-28 16:02:23,2021-11-28 16:02:24,大苏看社会
130,原来老公真的喜欢我用这些,2021-11-28 16:02:09,2021-11-28 16:02:09,彼岸花之泪
131,下课在即？李铁发微博夹带广告，疑还在武汉队兼职拿3000万年薪,2021-11-28 16:01:08,2021-11-28 16:01:08,每日经济新闻
132,篮球12345号位什么？哪个位置最难打？零基础怎么学会打篮球？,2021-11-28 15:57:06,2021-11-28 15:57:11,绯雨儿
133,刚上市无人问，半年后“一炮而红”月销2万+，干掉哈弗H6冲击销冠,2021-11-28 15:57:11,2021-11-28 15:57:11,车尚秀
134,伊藤美诚为何被横扫？李隼说了句公道话，刘国梁狠招在后边,2021-11-28 15:56:22,2021-11-28 15:56:24,胖周聊球
135,输麻了！日本女乒罕见认怂：中国队就像难以逾越的大山般不可战胜,2021-11-28 15:54:04,2021-11-28 15:54:05,体坛小二哥
136,曾被悬赏70万，逃犯朱贤健落网：已与越狱时服装不同,2021-11-28 12:29:10,2021-11-28 12:29:10,九派新闻
137,东北大叔在无人区遇狼群被大黄狗救了:要给它养老送终,2021-11-27 20:57:19,2021-11-28 12:25:46,朱小鹿
138,四川现金钱豹躺路中央 官方:已死亡 非杭州出逃那只,2021-11-28 12:30:53,2021-11-28 12:22:10,红星新闻
139,"""准90后""处级干部纷纷亮相 有人工作仅3年出任代县长",2021-11-28 12:19:10,2021-11-28 12:19:10,新黄河
140,邮储银行辽宁分行行长刘强刚上任没多久 之前曾在四川分行当副行长,2021-11-28 12:18:06,2021-11-28 12:18:06,运营商财经网
141,男子相亲遇61岁大妈要钱 怒怼:你18岁大姑娘啊 要彩礼,2021-11-27 15:09:18,2021-11-28 12:09:20,各种文欣
142,加量不加价！新一代奔驰GLE正式到港，一口气曝7个版本,2021-11-28 11:56:59,2021-11-28 11:56:59,新车指南
143,国际乒联正式官宣，国乒疑再次遭针对，孙颖莎和王曼昱受打击最大,2021-11-28 11:55:28,2021-11-28 11:55:28,乒乓看世界
144,伊藤美诚登顶热搜第1！人民日报+央视发声，世乒赛女单变成全运会,2021-11-28 11:50:19,2021-11-28 11:50:22,体坛扒客
145,男子杀自家3人用母亲手表当嫖资:没想杀妹妹但她总哭,2021-11-28 10:22:27,2021-11-28 11:47:24,长安剑
146,可怜人啊，3年拿2个得分王仍被抛弃，场均19+7，都只能当配角,2021-11-28 11:45:55,2021-11-28 11:45:59,体坛热评
147,春秋380次战争，一半在打它,2021-11-28 11:26:48,2021-11-28 11:34:58,汉周读书
148,博主：足协已经与李铁接班人见面 该教练3天前缺席球队训练,2021-11-28 11:28:55,2021-11-28 11:28:56,智道足球
149,反驳司马南的，至今没有一个就司马南列举数据，拿出更权威的证据,2021-11-28 11:27:13,2021-11-28 11:27:17,迷糊蛇
150,美国报告明确警告:大陆已具备封锁与攻击台湾军事实力,2021-11-28 11:01:48,2021-11-28 11:13:21,环球时报军事
151,学生集体呕吐校长痛哭 采购项目曾遭多次投诉均被驳回,2021-11-26 19:18:15,2021-11-27 07:28:58,南方都市报
152,全世界在恐惧中，一个更可怕的敌人要来了！,2021-11-27 07:15:12,2021-11-27 07:15:13,牛弹琴
153,"澳防长称中国把澳大利亚当""朝贡国"" 中使馆回应",2021-11-27 07:10:23,2021-11-27 07:10:23,观察者网
154,解放军班长大巴车内与4歹徒搏斗，身中14刀，全车无一人吭声,2021-11-26 21:20:50,2021-11-27 07:05:02,忆丹说文史
155,最憋屈的轿跑，颜值不输奥迪A5，动力强劲，28万却无人问津！,2021-11-27 05:53:17,2021-11-27 05:53:18,涛哥生活窍门
156,伦敦地铁罢工！推特网友怒了：年收入49万的工作就是按个按钮...,2021-11-27 01:03:35,2021-11-27 01:03:35,英伦圈
157,24小时内，美国对5国发起制裁，中俄日全部在列，赵立坚预判成真,2021-11-26 22:55:32,2021-11-26 22:55:34,海拔新观察
158,广东东软学院高职扩招被指违规：致数百学生无学籍,2021-11-26 15:53:15,2021-11-26 22:41:37,环球网资讯
159,合肥任免多名干部！,2021-11-26 22:31:33,2021-11-26 22:31:33,江淮晨报
160,温碧霞在海边拍大片，穿衣搭配引起热议，被质疑“打擦边球”,2021-11-26 21:38:36,2021-11-26 21:38:37,娱乐圈的阿三
161,蔡英文为何派“她”出席“民主峰会”？媒体解读,2021-11-26 21:11:24,2021-11-26 21:36:30,直新闻
162,298的大保健，里面有啥猫腻？,2021-11-26 21:18:36,2021-11-26 21:18:36,健康白皮书
163,"被拿下3个月后 ""老虎""周江勇又有新消息",2021-11-26 21:11:27,2021-11-26 21:12:52,政知见
164,"被罚4.74亿的远东集团:靠蒋家发家 曾资助""台独""头目",2021-11-26 21:00:53,2021-11-26 21:01:12,环球人物杂志
165,俄媒问中国是否考虑向所罗门群岛派遣军警 中方回应,2021-11-26 20:44:35,2021-11-26 20:44:35,中华人民共和国外交部
166,儿子为霸占5套拆迁房打伤8旬母亲 父亲:我全捐给政府,2021-11-27 22:38:31,2021-11-27 22:53:21,米粥的阅读时光
167,学生餐后集体呕吐 官方:住院学生被诊断为胃炎和肺炎,2021-11-27 22:45:34,2021-11-27 22:45:34,中国新闻网
168,人死后去阴间有亲人吗？他们会团聚吗？其实早就有了答案,2021-11-27 22:42:47,2021-11-27 22:42:47,阿拉故事会社
169,被爆料2月后特朗普突然发声:我从未考虑过与中国开战,2021-11-27 20:50:50,2021-11-27 22:40:02,环球时报评论
170,国际油价已成惊弓之鸟：两位数暴跌重现，市场聚焦产油国会议,2021-11-27 22:29:20,2021-11-27 22:29:21,澎湃新闻
171,态度转变？立陶宛终于出了个明白人，这次坚决要来北京“赎罪”,2021-11-27 22:27:09,2021-11-27 22:27:17,海峡军武
172,张靓颖演唱会造型引起热议，被指撞脸邓紫棋，评论数超过7000条,2021-11-27 22:21:22,2021-11-27 22:21:25,娱乐圈的阿三
173,北美留学生涉嫌帮父母洗钱遭调查！有7处房产，转移几千万巨款！,2021-11-27 22:18:57,2021-11-27 22:18:59,学霸带你看世界
174,3个月猎杀8头野猪被判刑，夫妻称“实在没办法，野猪把100多亩地吃得70亩都要绝收了”,2021-11-27 22:12:19,2021-11-27 22:12:19,每日经济新闻
175,稳了！油价下跌变“大跌”！本轮将“大跌”调整,2021-11-27 22:12:00,2021-11-27 22:12:00,汽车安利会
176,许玮甯与邱泽同台互动，双方感情持续升温，还不忘甜蜜微笑,2021-11-27 21:40:08,2021-11-27 21:40:10,素素娱乐
177,两位70后博士首次跻身江苏省委常委 有人年内三度履新,2021-11-27 20:24:59,2021-11-27 21:37:21,政知新媒体
178,赌业大鳄周焯华涉嫌在内地开赌场被抓:年赌注额超万亿,2021-11-27 17:56:00,2021-11-27 21:15:16,直新闻
179,“装啥纯洁”初登婆家门被安排睡一块，女孩反手一招让婆家成笑话,2021-11-27 21:14:21,2021-11-27 21:14:22,秋酷子
180,"网红""豫北女保安""被杀:40岁嫌犯曾打赏十多万博好感",2021-11-27 20:10:05,2021-11-27 20:47:34,剥洋葱people
181,世乒赛5个单项半决赛对阵出炉：世界第1陈梦很危险！樊振东也不稳,2021-11-28 13:47:40,2021-11-28 13:47:42,黑色柳丁
182,张兰直播谈儿子被诽谤落泪 曝汪小菲遭陈建州暴打,2021-11-28 12:08:35,2021-11-28 13:47:26,八怪娱
183,董路开撕李铁――路铁本是同林鸟，大难临头各自飞,2021-11-28 13:46:27,2021-11-28 13:46:27,老司机品足球
184,"新冠病毒现""最厉害变种"" 或从艾滋病患者体内进化而来",2021-11-28 12:42:56,2021-11-28 13:30:20,中国新闻周刊
185,章子怡给小苹果过生日被网友做心理分析，桌上的照片才是亮点,2021-11-28 13:24:33,2021-11-28 13:24:33,娱与愚
186,LPL转会总汇：UZI永远的神复出，尘埃落定,2021-11-28 13:22:31,2021-11-28 13:22:31,艾泽拉斯驻地球办事处
187,大数据显示：苏锡中心度已超越上海,2021-11-28 13:21:49,2021-11-28 13:21:49,江苏城市论坛
188,1991年他病逝后，两岸都举办了隆重的追悼仪式，他是谁？,2021-11-28 13:21:19,2021-11-28 13:21:19,要闻每日关注
189,姚明和谁合照都是个“巨人”，可唯独碰到她之后，自动弯腰屈膝,2021-11-28 13:19:25,2021-11-28 13:19:25,教育行业资讯速递
190,开心一刻：同学聚会，我死要面子，于是就把我200多万的车开去…,2021-11-28 13:15:31,2021-11-28 13:15:31,记忆收藏家
191,突发，利空来袭，下周A股要发生巨变，盯紧这两个方向！,2021-11-28 13:11:58,2021-11-28 13:11:59,美味飘飘
192,让3追4！梁靖大逆转雨果，中国乒乓球没有输巴西,2021-11-28 13:11:14,2021-11-28 13:11:16,罗克
193,美国专家来中国，第一次坐高铁很愤怒：全是骗人的！,2021-11-28 13:10:34,2021-11-28 13:10:34,日常的碎碎念
194,纠结！0分0板0助0断0帽，他表现再差，今天第二战杜锋还得用他？,2021-11-28 13:09:50,2021-11-28 13:09:52,弄月公子
195,俄空军司令：苏57对歼20有碾压优势！歼20：我不开雷达就秒杀你！,2021-11-28 11:35:43,2021-11-28 13:07:50,科罗廖夫
196,男子坐霸王车称认识Wang wei 警方:已成立调查组   ,2021-11-27 10:50:32,2021-11-27 10:50:32,大河报
197,"媒体:美国""台湾牌""新打法 撬动3个小国转变涉台立场",2021-11-26 22:52:59,2021-11-27 10:45:44,直新闻
198,山东1地发布密接者5天轨迹，打出租、住酒店……省疾控发布提示！,2021-11-27 10:29:29,2021-11-27 10:29:29,威海日报
199,"""最豪横面馆""不再加收10%服务费 随即抬高餐食价格",2021-11-26 22:31:43,2021-11-27 10:28:42,上观新闻
200,“收款码不能商用”为误读，商户收款码服务手续费最高0.6%，街边小商贩怎么办？,2021-11-27 10:19:47,2021-11-27 10:19:47,新财富
201,"男子误入上海封闭小区 会三国语言当起""翻译组长""",2021-11-26 22:32:18,2021-11-27 10:11:17,上观新闻
202,"女儿给首次坐飞机父亲背后贴""求助""纸条 一路获得帮助",2021-11-26 19:33:36,2021-11-27 10:07:32,红星新闻
203,玲龙一号小核反应堆，能否担任中国核航母动力？,2021-11-27 10:00:20,2021-11-27 10:00:23,国器
204,2021年轻人熬夜报告：熬夜最狠的行业，互联网只能排第二,2021-11-27 09:42:04,2021-11-27 09:42:05,36氪
205,中国丧葬用的纸扎，荣登巴黎设计展！西方人看后：中国人太浪漫了,2021-11-27 09:40:38,2021-11-27 09:40:38,渔人阿肯
206,40万人涌入拉夏贝尔直播间捡漏 供应商:快倾家荡产了,2021-11-26 10:03:54,2021-11-27 08:22:30,21世纪经济报道
207,哀牢山4名遇难者上山前购物监控曝光:共买100元食品,2021-11-27 08:19:15,2021-11-27 08:19:15,新京报
208,"女子被骗花34万买到""法拍房"" 法院:不腾房移送公安局",2021-11-26 13:19:04,2021-11-27 07:56:52,华商新闻
209,房龄仅26岁的楼塌了4人遇难 居民:差几秒我人就没了,2021-11-26 23:57:11,2021-11-27 07:40:24,经济观察报
210,"印官员发图夸""要建最大国际机场"" 结果图上是大兴机场",2021-11-27 00:44:02,2021-11-27 07:38:36,环球时报评论
211,绝望的供应商：恒大们到底坑死了谁？,2021-11-27 20:02:06,2021-11-27 20:02:06,贺三岁
212,时隔2年重返国家队！6分钟0分，被杜锋指着鼻子骂：你给我下来吧,2021-11-27 18:14:24,2021-11-27 19:43:23,体育就你秀
213,巴西前总统老当益壮，小43岁娇妻高颜值会花钱，生下儿子被宠上天,2021-11-27 18:54:48,2021-11-27 18:54:52,照见古今
214,百岁时代加速到来？中科院发现新型人类衰老基因，剪掉可延寿25%,2021-11-27 18:15:13,2021-11-27 18:15:14,DrX说
215,"媒体:""台独""抢着要上清单 曾称1人能摧毁大陆1辆坦克",2021-11-27 15:08:30,2021-11-27 18:11:45,环球网资讯
216,河南淅川夫妇3个月猎杀8头野猪被判缓刑，称庄稼被糟蹋严重 ,2021-11-27 18:09:22,2021-11-27 18:09:26,澎湃新闻
217,抓到了！肇事致人死亡后逃逸，润州警方9小时破案,2021-11-27 17:59:18,2021-11-27 17:59:18,现代快报
218,以卖淫为名，将嫖客骗到出租屋，发生性关系，由他人盗走嫖客钱财,2021-11-27 17:47:52,2021-11-27 17:47:53,一丝不苟的法律人
219,汪小菲新店开张太火爆！排队人数多到看不到头，张兰鞠躬感谢客人,2021-11-27 17:25:15,2021-11-27 17:25:18,真红到出圈
220,"澳门""赌厅之王""洗米华落网 温州警方曾喊话敦促其自首",2021-11-27 17:09:59,2021-11-27 17:09:59,中国基金报
221,19岁的刘亦菲 放到现在一定是女团c位吧,2021-11-27 17:09:32,2021-11-27 17:09:32,娱人818
222,江浙沪公务员收入要下降？铁饭碗有起伏其实也属正常,2021-11-27 16:58:48,2021-11-27 16:58:48,历史大爆炸呀
223,30岁丁克主妇的一天：5点起床做家务、0社交家里蹲、边工作边伺候老公，却令14亿人羡慕？,2021-11-27 16:50:21,2021-11-27 16:50:21,苦酒1931
224,"学生集体呕吐校长称配餐公司""换不动"" 人民日报发声",2021-11-27 15:48:07,2021-11-27 16:30:56,每日经济新闻
225,“我租的女友，900随便摸，1500可陪睡” 竟有这么多灰色地带……,2021-11-27 16:21:20,2021-11-27 16:21:22,昌霖娱乐
226,"女儿给首次坐飞机父亲背后贴""求助""纸条 一路获得帮助",2021-11-26 19:33:36,2021-11-27 10:07:32,红星新闻
227,如果有一天，量子力学被证明是对的，人生将变得毫无意义,2021-11-27 09:55:14,2021-11-27 09:55:16,社会情感大师
228,科学家最新发现，完全颠覆你对健康的认知！,2021-11-27 09:47:03,2021-11-27 09:47:05,可读
229,圆周率已算至62.8万亿位！为何要算这么多？若能算尽，会发生啥？,2021-11-26 22:02:24,2021-11-27 09:05:02,你好科普
230,新冠更可怕变种来了 香港病例开门取餐感染对门隔离者,2021-11-27 07:15:12,2021-11-27 08:35:34,牛弹琴
231,40万人涌入拉夏贝尔直播间捡漏 供应商:快倾家荡产了,2021-11-26 10:03:54,2021-11-27 08:22:30,21世纪经济报道
232,哀牢山4名遇难者上山前购物监控曝光:共买100元食品,2021-11-27 08:19:15,2021-11-27 08:19:15,新京报
233,"女子被骗花34万买到""法拍房"" 法院:不腾房移送公安局",2021-11-26 13:19:04,2021-11-27 07:56:52,华商新闻
234,房龄仅26岁的楼塌了4人遇难 居民:差几秒我人就没了,2021-11-26 23:57:11,2021-11-27 07:40:24,经济观察报
235,"印官员发图夸""要建最大国际机场"" 结果图上是大兴机场",2021-11-27 00:44:02,2021-11-27 07:38:36,环球时报评论
236,女子被免去140万债务 法庭庭长:符合诚实而不幸标准,2021-11-26 09:35:08,2021-11-27 07:36:55,第一财经资讯
237,学生集体呕吐校长痛哭 采购项目曾遭多次投诉均被驳回,2021-11-26 19:18:15,2021-11-27 07:28:58,南方都市报
238,历史镜头下的林彪、高岗(苏联帮助拍摄),2021-11-27 07:19:23,2021-11-27 07:19:26,白马茶馆
239,"澳防长称中国把澳大利亚当""朝贡国"" 中使馆回应",2021-11-27 07:10:23,2021-11-27 07:10:23,观察者网
240,口述：35岁晚婚的我，目睹23岁妻子和别人老公出轨,2021-11-27 03:06:38,2021-11-27 03:06:38,两性心理探知
241,我国高速为什么最高限速120km/h？多年的疑问终于清楚了,2021-11-23 17:11:07,2021-11-23 17:11:07,滨州网
242,360浏览器在作死的路上越走越远,2021-11-23 15:24:12,2021-11-23 15:24:12,要闻每日关注
243,为何越来越多大学生放弃手机支付，选择使用现金支付？真相很无奈,2021-11-23 10:04:03,2021-11-23 10:04:04,陈三谈教育
244,晚年生活最幸福的3个生肖（60-100岁）,2021-11-23 07:16:52,2021-11-23 07:16:53,天天好声音
245,蒙古国的两性观念和我们不同,2021-11-22 19:15:54,2021-11-22 19:15:54,资讯沸点
246,安吉丽娜朱莉和布拉德皮特的女儿,2021-11-22 12:33:15,2021-11-22 12:33:15,乍见之欢
247,无法重拍的瞬间：抽烟的郭靖，吸烟的宁采臣，穿军大衣的曹操，看电视的林冲,2021-11-22 11:20:09,2021-11-22 11:20:09,剧有意思
248,我叫了继父十年爸，他离世后我整理遗物时，我才知叫错了人！,2021-11-22 11:18:19,2021-11-22 11:18:19,生活大火锅
249,25年前，火爆一时的电视剧《小龙人》为何遭到禁播？原因发人深思,2021-11-22 11:05:13,2021-11-22 11:05:13,剧有意思
250,"校长痛哭""换不动""的送餐公司中标价942万 服务3927人",2021-11-26 13:16:47,2021-11-26 13:16:47,极目新闻
251,国企董事长在法院受审时霸气喊话：别说了 听我的,2021-11-26 12:57:12,2021-11-26 12:57:12,南方都市报
252,美人终究败给岁月！42岁陈乔恩近照曝光：苹果肌下拉、法令纹明显,2021-11-26 12:08:52,2021-11-26 12:08:56,轩轩娱乐烩
253,这八类产品谁买谁后悔 后悔自己买晚了,2021-11-26 11:49:10,2021-11-26 11:49:10,中关村在线
254,晚年后，一旦老伴先走了，三件事记住不能做,2021-11-26 11:07:44,2021-11-26 11:07:46,夏晴风
255,立陶宛疯狂挑衅中国后，丹麦宣布关闭驻重庆总领馆，并公布原因,2021-11-26 10:28:55,2021-11-26 10:28:58,王西西
256,人民日报评《长津湖》票房登顶：国产主旋律电影的高光,2021-11-26 10:20:38,2021-11-26 10:20:38,网易娱乐
257,日媒：解放军本次行动直抵台军命脉 日本也要小心,2021-11-26 09:52:22,2021-11-26 10:11:32,环球时报军事
258,这就被禁了？,2021-11-26 09:32:02,2021-11-26 09:32:17,扎心师郑实
259,毛岸英入朝仅34天就牺牲，多年后，有人将真实情况公布,2021-11-26 05:02:12,2021-11-26 05:02:14,李阳朔爱娱乐
260,市场上这5种鱼，都是人工无法养殖的，价格再贵也要买，别不懂吃,2021-11-26 02:50:20,2021-11-26 02:50:20,吃货领航员
261,教育部通知，可适时调整小学入学年龄，截止日期不再是8月31日,2021-11-26 01:26:53,2021-11-26 01:26:55,婚恋巴情感
262,做过爱的人，没办法做朋友,2021-11-25 23:26:34,2021-11-25 23:26:34,匡北北
263,前脚官宣离婚，后脚官宣定档，大S的时间算得刚刚好！,2021-11-25 22:47:26,2021-11-25 22:47:27,北极熊电影2019
264,中国最厉害的地级市，不是无锡和东莞，而是东北的齐齐哈尔和鞍山,2021-11-25 19:07:36,2021-11-25 19:07:46,唐戈
265,1981年，邓小平检阅演习部队，指着一名师长说：此人定要重点培养,2021-11-25 14:12:25,2021-11-25 14:12:25,美丽的二
266,不管男性还是女性，经常“用手”解决，身体可能迎来一些变化,2021-11-25 13:16:14,2021-11-25 13:16:14,健康公开课
267,俄罗斯“翻脸”，坦言一切“援助”不会再提供，群众：此举满分,2021-11-25 13:06:44,2021-11-25 13:06:44,资讯沸点
268,那些削骨的女星脸还好吗？后遗症一大堆，杨幂鞠婧t都开始崩了！,2021-11-25 12:14:28,2021-11-25 12:14:35,不八卦会死星人
269,终于明白，原来“黄叶白菜”和“绿叶白菜”区别很大，买错就亏了,2021-11-25 11:40:55,2021-11-25 11:41:00,山野美食哥
270,2013年武警战士郑益龙救人牺牲，31岁妻子特招入伍，如今是何职位,2021-11-25 10:04:19,2021-11-25 10:04:19,老舍纪史
271,新冠疫苗：谁为副作用和长期后果买单？,2021-11-25 01:58:47,2021-11-25 01:58:47,德国热线
272,飞越台湾岛是全体中国人的夙愿，我们等的就是一个契机！,2021-11-24 21:23:07,2021-11-24 21:23:07,环球时报评论
273,又一巨头陨落？负债超900亿，账面资金已不足4亿，核心高管离职,2021-11-24 20:23:53,2021-11-24 20:23:53,筱雯说财
274,冬天几天洗一次澡更健康？为了生命安全，老年人洗澡要做好这4点,2021-11-24 19:39:34,2021-11-24 19:39:36,39健康网
275,全球最大的智商税骗不下去了！河南人用“假货”让西方巨头臣服,2021-11-24 17:44:01,2021-11-24 17:44:02,华商韬略
276,日本重大发现：41条裂缝已经实锤，还想继续隐瞒？俄媒紧急发声,2021-11-24 16:40:05,2021-11-24 16:40:06,鼎盛军事
277,女性私密到底有多长？这份「问答」Mark一下,2021-11-24 16:34:42,2021-11-24 16:34:44,半岛生美
278,腾讯天美工作室员工爆料：税后年薪251万，月薪20万左右,2021-11-24 13:54:56,2021-11-24 13:54:56,黑马程序员v
279,苏联女间谍的“性训练”揭秘,2021-11-23 17:18:42,2021-11-23 17:18:42,资讯沸点
280,苏联女间谍的“性训练”揭秘,2021-11-23 17:18:42,2021-11-23 17:18:42,资讯沸点
281,汪东兴辞职后，华国锋为何紧跟着辞职？华老晚年一番话，揭示真相,2021-11-23 17:12:42,2021-11-23 17:12:42,今天很开心呢
282,我国高速为什么最高限速120km/h？多年的疑问终于清楚了,2021-11-23 17:11:07,2021-11-23 17:11:07,滨州网
283,360浏览器在作死的路上越走越远,2021-11-23 15:24:12,2021-11-23 15:24:12,要闻每日关注
284,为何越来越多大学生放弃手机支付，选择使用现金支付？真相很无奈,2021-11-23 10:04:03,2021-11-23 10:04:04,陈三谈教育
285,晚年生活最幸福的3个生肖（60-100岁）,2021-11-23 07:16:52,2021-11-23 07:16:53,天天好声音
286,蒙古国的两性观念和我们不同,2021-11-22 19:15:54,2021-11-22 19:15:54,资讯沸点
287,安吉丽娜朱莉和布拉德皮特的女儿,2021-11-22 12:33:15,2021-11-22 12:33:15,乍见之欢
288,无法重拍的瞬间：抽烟的郭靖，吸烟的宁采臣，穿军大衣的曹操，看电视的林冲,2021-11-22 11:20:09,2021-11-22 11:20:09,剧有意思
289,我叫了继父十年爸，他离世后我整理遗物时，我才知叫错了人！,2021-11-22 11:18:19,2021-11-22 11:18:19,生活大火锅
290,25年前，火爆一时的电视剧《小龙人》为何遭到禁播？原因发人深思,2021-11-22 11:05:13,2021-11-22 11:05:13,剧有意思
